Rechercher,Coût,Clics,Impressions,Conversions
pergola bois,"741,70 €",637,12 491,"0,00"
carport,"731,06 €",543,10 653,"0,00"
carport voiture,"671,60 €",556,8 437,"0,00"
carport bois,"610,99 €",485,7 138,"0,00"
abri voiture,"473,36 €",375,5 494,"0,00"
pergola,"264,46 €",227,5 440,"0,00"
carport 2 voitures,"439,27 €",362,5 066,"0,00"
pergola en bois,"235,48 €",199,3 313,"0,00"
pergolas bois,"233,03 €",171,3 155,"0,00"
abri de jardin,"84,08 €",79,2 244,"0,00"
tonnelle de jardin,"75,86 €",74,2 143,"0,00"
car port,"135,30 €",107,1 834,"0,00"
abri de jardin bois,"92,97 €",87,1 769,"0,00"
abris voiture,"120,19 €",104,1 674,"0,00"
abri voiture bois,"200,82 €",151,1 375,"0,00"
deco charpente,"78,32 €",369,1 356,"0,00"
carport bois 2 voitures,"147,22 €",110,1 032,"0,00"
abris de jardin,"44,45 €",43,1 019,"0,00"
garage bois,"42,22 €",38,999,"0,00"
pergola bois adossée,"109,50 €",89,984,"0,00"
abri de voiture,"93,64 €",82,974,"0,00"
carport camping car,"88,80 €",59,956,"0,00"
garage en bois,"54,81 €",51,915,"0,00"
abri bois,"43,75 €",35,841,"0,00"
carport adossé,"60,61 €",44,806,"0,00"
pergola adossée,"46,87 €",39,805,"0,00"
abris de jardin bois,"32,25 €",26,803,"0,00"
marquise de porte,"55,96 €",47,776,"0,00"
auvent terrasse,"52,01 €",51,773,"0,00"
greenkub,"35,55 €",26,769,"0,00"
pool house,"33,37 €",31,709,"0,00"
carport en bois,"81,99 €",56,680,"0,00"
ma pergola bois,"34,00 €",27,653,"0,00"
pool house bois,"43,37 €",46,646,"0,00"
abri de jardin bois 5m2,"35,54 €",31,635,"0,00"
abris voiture bois,"87,68 €",65,632,"0,00"
tonnelle,"28,90 €",28,630,"0,00"
pergola bois en kit,"62,67 €",54,590,"0,00"
abri de jardin bois 20m2,"46,98 €",40,537,"0,00"
cabanon jardin,"16,01 €",18,531,"0,00"
pergola terrasse,"36,66 €",28,528,"0,00"
abris bois,"29,84 €",26,511,"0,00"
abri de jardin en bois,"33,42 €",31,504,"0,00"
abri pour voiture extérieur,"49,45 €",46,495,"0,00"
carport voiture bois,"58,55 €",50,494,"0,00"
abri camping car,"38,31 €",37,475,"0,00"
auvent porte d entrée,"28,12 €",27,474,"0,00"
abri de jardin 5m2,"32,07 €",26,469,"0,00"
pergola bois sur mesure,"211,78 €",112,452,"0,00"
pergolas en bois,"40,27 €",26,449,"0,00"
cabane de jardin,"16,80 €",15,438,"0,00"
pergolas,"19,65 €",17,419,"0,00"
carport 3 voitures,"29,22 €",28,418,"0,00"
abri pour voiture,"43,46 €",40,417,"0,00"
carport bois adossé,"32,12 €",23,391,"0,00"
marquise,"14,92 €",15,391,"0,00"
abri jardin bois,"9,33 €",10,381,"0,00"
cabane de jardin en bois,"6,75 €",7,381,"0,00"
carport sur mesure,"221,02 €",84,379,"0,00"
tonnelle en bois,"31,31 €",28,372,"0,00"
carport double,"26,45 €",22,365,"0,00"
pool house piscine,"15,68 €",18,355,"0,00"
pergola adossée bois,"40,07 €",30,354,"0,00"
auvent de terrasse,"13,29 €",12,352,"0,00"
déco charpente,"23,64 €",97,336,"0,00"
charpente bois,"36,59 €",30,321,"0,00"
abris de voiture,"26,36 €",23,307,"0,00"
kit pergola bois,"9,96 €",10,293,"0,00"
abri jardin,"6,49 €",7,292,"0,00"
carport 2 voitures bois,"23,86 €",22,290,"0,00"
tonnelle bois,"11,55 €",12,288,"0,00"
abri francais,"10,55 €",9,279,"0,00"
auvent bois,"22,53 €",22,277,"0,00"
carpot,"11,48 €",10,266,"0,00"
pergola bois moderne,"39,10 €",40,266,"0,00"
abri de jardin sur mesure,"73,60 €",61,254,"0,00"
abri de voiture en bois,"24,95 €",26,248,"0,00"
carport bois 1 pente,"30,38 €",20,248,"0,00"
cabanon en bois,"3,04 €",3,240,"0,00"
pergola jardin,"14,29 €",11,230,"0,00"
garage bois 20m2,"13,96 €",12,226,"0,00"
auvent,"9,70 €",8,223,"0,00"
auvent de porte,"10,07 €",11,219,"0,00"
garage en kit,"10,81 €",10,217,"0,00"
chalet de jardin,"13,07 €",12,215,"0,00"
pergola en bois pour terrasse,"30,70 €",29,214,"0,00"
tonnelle de jardin bois,"30,15 €",26,213,"0,00"
pergola sur mesure,"66,78 €",23,208,"0,00"
cabanon de jardin,"10,26 €",10,201,"0,00"
faire une pergola en bois,"15,73 €",12,198,"0,00"
cabanon jardin bois,"8,56 €",8,194,"0,00"
carport 1 voiture,"7,91 €",7,192,"0,00"
abris camping car,"10,67 €",8,189,"0,00"
abri en bois,"5,97 €",6,188,"0,00"
pergola voiture,"5,84 €",6,183,"0,00"
abris de jardin 5m2,"6,00 €",6,182,"0,00"
marquise porte d entrée,"14,71 €",15,181,"0,00"
pergola bois 3x3,"6,12 €",6,181,"0,00"
carport bois 1 voiture,"35,09 €",20,180,"0,00"
appenti bois,"9,79 €",9,179,"0,00"
