Mot,Coût,Clics,Impressions,Conversions,Principales requêtes contenant ce mot
bois,"3 788,45 €",3 054,47 721,"0,00","(pergola bois, carport bois, pergola en bois)"
carport,"3 296,14 €",2 491,37 725,"0,00","(carport, carport voiture, carport bois)"
pergola,"1 971,72 €",1 579,27 383,"0,00","(pergola bois, pergola, pergola en bois)"
voiture,"1 898,89 €",1 551,21 102,"0,00","(carport voiture, abri voiture, abris voiture)"
abri,"1 398,75 €",1 179,17 871,"0,00","(abri voiture, abri de jardin, abri de jardin bois)"
de,"858,51 €",775,14 883,"0,00","(abri de jardin, tonnelle de jardin, abri de jardin bois)"
jardin,"688,94 €",628,13 635,"0,00","(abri de jardin, tonnelle de jardin, abri de jardin bois)"
en,"637,91 €",538,8 509,"0,00","(pergola en bois, garage en bois, carport en bois)"
voitures,"639,57 €",522,6 806,"0,00","(carport 2 voitures, carport bois 2 voitures, carport 3 voitures)"
2 voitures,"610,35 €",494,6 388,"0,00","(carport 2 voitures, carport bois 2 voitures, carport 2 voitures bois)"
abris,"357,43 €",301,5 317,"0,00","(abris voiture, abris de jardin, abris de jardin bois)"
pergolas,"292,95 €",214,4 023,"0,00","(pergolas bois, pergolas en bois, pergolas)"
tonnelle,"177,75 €",168,3 646,"0,00","(tonnelle de jardin, tonnelle, tonnelle en bois)"
car,"273,07 €",211,3 454,"0,00","(car port, carport camping car, abri camping car)"
garage,"121,80 €",111,2 357,"0,00","(garage bois, garage en bois, garage bois 20m2)"
auvent,"135,72 €",131,2 318,"0,00","(auvent terrasse, auvent porte d entrée, auvent de terrasse)"
adossée,"196,44 €",158,2 143,"0,00","(pergola bois adossée, pergola adossée, pergola adossée bois)"
charpente,"138,56 €",496,2 013,"0,00","(deco charpente, déco charpente, charpente bois)"
terrasse,"132,66 €",120,1 867,"0,00","(auvent terrasse, pergola terrasse, auvent de terrasse)"
port,"135,30 €",107,1 834,"0,00",(car port)
pool house,"92,42 €",95,1 710,"0,00","(pool house, pool house bois, pool house piscine)"
porte,"108,85 €",100,1 650,"0,00","(marquise de porte, auvent porte d entrée, auvent de porte)"
camping car,"137,77 €",104,1 620,"0,00","(carport camping car, abri camping car, abris camping car)"
deco,"78,32 €",369,1 356,"0,00",(deco charpente)
marquise,"85,58 €",77,1 348,"0,00","(marquise de porte, marquise, marquise porte d entrée)"
sur mesure,"573,19 €",280,1 293,"0,00","(pergola bois sur mesure, carport sur mesure, abri de jardin sur mesure)"
5m2,"73,61 €",63,1 286,"0,00","(abri de jardin bois 5m2, abri de jardin 5m2, abris de jardin 5m2)"
adossé,"92,74 €",67,1 197,"0,00","(carport adossé, carport bois adossé)"
cabanon,"37,88 €",39,1 166,"0,00","(cabanon jardin, cabanon en bois, cabanon de jardin)"
pour,"123,61 €",115,1 126,"0,00","(abri pour voiture extérieur, abri pour voiture, pergola en bois pour terrasse)"
kit,"83,44 €",74,1 100,"0,00","(pergola bois en kit, kit pergola bois, garage en kit)"
cabane de,"23,55 €",22,819,"0,00","(cabane de jardin, cabane de jardin en bois)"
greenkub,"35,55 €",26,769,"0,00",(greenkub)
bois 20m2,"60,94 €",52,763,"0,00","(abri de jardin bois 20m2, garage bois 20m2)"
d entrée,"42,83 €",42,655,"0,00","(auvent porte d entrée, marquise porte d entrée)"
ma,"34,00 €",27,653,"0,00",(ma pergola bois)
1,"73,38 €",47,620,"0,00","(carport bois 1 pente, carport 1 voiture, carport bois 1 voiture)"
extérieur,"49,45 €",46,495,"0,00",(abri pour voiture extérieur)
3,"29,22 €",28,418,"0,00",(carport 3 voitures)
double,"26,45 €",22,365,"0,00",(carport double)
piscine,"15,68 €",18,355,"0,00",(pool house piscine)
déco,"23,64 €",97,336,"0,00",(déco charpente)
francais,"10,55 €",9,279,"0,00",(abri francais)
moderne,"39,10 €",40,266,"0,00",(pergola bois moderne)
carpot,"11,48 €",10,266,"0,00",(carpot)
pente,"30,38 €",20,248,"0,00",(carport bois 1 pente)
chalet,"13,07 €",12,215,"0,00",(chalet de jardin)
faire,"15,73 €",12,198,"0,00",(faire une pergola en bois)
une,"15,73 €",12,198,"0,00",(faire une pergola en bois)
3x3,"6,12 €",6,181,"0,00",(pergola bois 3x3)
appenti,"9,79 €",9,179,"0,00",(appenti bois)
