Requêtes les plus fréquentes,Clics,Impressions,CTR,Position
deco charpente,1442,3195,45.13%,1.1
déco charpente,318,777,40.93%,1
auvent bois,113,14855,0.76%,9.32
deco charpente mazan,102,314,32.48%,1.01
pergola bois sur mesure,98,5497,1.78%,7.65
deco charpente brignoles,71,368,19.29%,1.92
abri voiture,64,28911,0.22%,20.11
abri voiture bois,60,7914,0.76%,12.42
carport bois sur mesure,59,2711,2.18%,12.32
carport bois,54,13108,0.41%,34.18
abri cuisine extérieure,50,6000,0.83%,2.33
decocharpente,48,135,35.56%,1
auvent bois adossé mur,47,2873,1.64%,7.11
appenti bois adossée mur,46,5003,0.92%,9.72
carport en bois,37,6482,0.57%,21.76
auvent en bois,32,5879,0.54%,8.77
abri pour cuisine extérieure,32,1961,1.63%,1.88
pergola bois moderne,31,2446,1.27%,11.07
pergola en bois sur mesure,29,2741,1.06%,9.14
abri terrasse bois et tuiles,29,665,4.36%,6.23
déco charpente avis,28,127,22.05%,5.19
auvent terrasse bois et tuiles prix,25,604,4.14%,5.54
abri de voiture en bois,23,3945,0.58%,11.16
carport bois gironde,23,943,2.44%,3.43
deco charpente marcilloles,23,96,23.96%,1.05
auvent bois et tuiles,22,897,2.45%,6.26
auvent terrasse bois,21,1838,1.14%,11.52
pergolas bois sur mesure,20,2071,0.97%,7.66
auvent bois terrasse,19,1430,1.33%,8.19
pergola bois toulouse,19,430,4.42%,4.98
abris voiture bois,18,3371,0.53%,11.94
pergola bois,17,7612,0.22%,48.41
auvent terrasse bois et tuiles,17,735,2.31%,4.02
appenti bois,16,5242,0.31%,14.13
abris cuisine extérieure,16,2874,0.56%,1.85
charpente carport,16,1554,1.03%,8.24
appenti bois autoportant,16,923,1.73%,4.36
auvent de terrasse bois,16,561,2.85%,8.39
carport sur mesure en bois,16,451,3.55%,10.61
carport bois toulouse,16,225,7.11%,5.45
charpente pergola bois,14,610,2.3%,2.47
carport toulouse,13,699,1.86%,8.73
appenti bois adossée mur prix,13,537,2.42%,7.7
carport en bois sur mesure,13,472,2.75%,10.41
carport sur mesure bois,12,1007,1.19%,7.84
auvent bois autoportant,12,857,1.4%,9.51
carport agricole,12,294,4.08%,2.81
carport bois sur mesure en ligne,12,170,7.06%,7.55
pergola sur mesure bois,11,1460,0.75%,8.76
pergola bois haut de gamme,11,202,5.45%,8.95
abris voiture,10,3949,0.25%,23.59
abri voiture en bois,10,1868,0.54%,12.12
abris de voiture en bois,10,1302,0.77%,10.63
abris voiture en bois,10,965,1.04%,10.1
charpente appentis,10,441,2.27%,6.61
appentis,9,7588,0.12%,16.31
abris de voiture,9,3388,0.27%,12.51
appenti terrasse,9,781,1.15%,1.89
auvent en bois terrasse,8,535,1.5%,7.51
déco piscine zen,8,524,1.53%,8.5
pool house,7,1858,0.38%,23.65
appentis bois,7,1776,0.39%,13.57
abri de voiture bois,7,1269,0.55%,12.86
carport,7,1203,0.58%,46.13
abri cuisine exterieure,7,1057,0.66%,7.19
cabane cuisine exterieur,7,989,0.71%,1.22
abris cuisine d'été,7,451,1.55%,3.96
appentis terrasse,7,368,1.9%,1.22
idée pour fermer un appenti,7,157,4.46%,11.06
porche maison,7,114,6.14%,1.96
charpente,6,7427,0.08%,41.24
abri pour voiture en bois,6,1710,0.35%,13.12
pergola sur mesure en bois,6,1409,0.43%,8.13
fabricant pergola bois,6,1207,0.5%,7.92
abri bois voiture,6,873,0.69%,11.19
auvent bois sur mesure,6,304,1.97%,6.5
charpente carport adossé,6,293,2.05%,1.27
photo charpente bois 1 pente,6,236,2.54%,7.99
auvent de terrasse en tuile,6,186,3.23%,4.07
appenti bois adossée mur sur mesure,6,142,4.23%,6.68
fermer un porche d'entrée,6,109,5.5%,12.13
auvent,5,1778,0.28%,10.93
cuisine exterieure fermée,5,1502,0.33%,1.59
porche en bois,5,1347,0.37%,6.21
abri voiture bois 1 pente,5,1256,0.4%,12.64
carport bois bordeaux,5,1216,0.41%,6.72
parefeuille toiture,5,1105,0.45%,2.65
appentis bois adossé,5,830,0.6%,8.97
charpentier,5,762,0.66%,3.5
auvent tuile,5,725,0.69%,6.78
abri en bois pour voiture,5,618,0.81%,10.68
abris pour cuisine extérieure,5,571,0.88%,1.4
abri de cuisine extérieure bois,5,507,0.99%,1.41
charpentier var,5,489,1.02%,22
abri cuisine d'été extérieure,5,456,1.1%,8.52
carport charpente bois,5,437,1.14%,8.29
abri cuisine d'été en bois,5,267,1.87%,5.09
garage ou abri voiture,5,184,2.72%,5.91
charpente pool house,5,150,3.33%,1.8
pergola bois luxe,5,88,5.68%,11.47
abri de voiture,4,5600,0.07%,35.24
pergola en bois,4,4006,0.1%,48.89
appenti en bois,4,1866,0.21%,12.39
pergolas en bois sur mesure,4,1147,0.35%,8.67
charpentier alpes maritimes,4,749,0.53%,27.48
abri cuisine d'été,4,636,0.63%,10.92
carport nimes,4,625,0.64%,10.24
auvent en bois pour terrasse,4,477,0.84%,9.23
http //web.irld.net,4,471,0.85%,6.05
abri voiture bois semi fermé,4,442,0.9%,19.72
fabricant de pergola en bois,4,365,1.1%,23.97
kiosque piscine,4,337,1.19%,1.53
abri de jardin pour cuisine extérieure,4,319,1.25%,1.97
charpente auvent bois,4,319,1.25%,6.08
pool house bordeaux,4,318,1.26%,3.61
carport charpente traditionnelle,4,317,1.26%,11.46
charpente abris voiture,4,270,1.48%,3.33
charpente carport bois,4,266,1.5%,8.28
charpentier autour de moi,4,256,1.56%,3.24
charpentier vaucluse,4,217,1.84%,2.36
pergola bois persienne,4,214,1.87%,6.89
parefeuille sous toiture,4,208,1.92%,2.18
charpente pour carport,4,155,2.58%,9.99
carport dordogne,4,138,2.9%,10.3
auvent de terrasse en bois,4,137,2.92%,11.15
avance de terrasse en bois,4,131,3.05%,8.97
abris bois sur mesure,4,93,4.3%,34.52
carport nice,4,81,4.94%,7.67
porche d'entrée maison,4,60,6.67%,14.17
carport autour de moi,4,42,9.52%,10.76
invitation gratuite foire de lyon 2025,4,37,10.81%,48.16
luc rock,4,21,19.05%,1.9
invitation foire de lyon 2025,4,14,28.57%,50.57
abri jardin,3,2556,0.12%,14.09
carport voiture bois,3,1268,0.24%,20.84
appenti voiture,3,1141,0.26%,12.26
abrit voiture,3,1060,0.28%,26.8
appentis maison,3,1031,0.29%,12.49
abri de cuisine extérieure,3,842,0.36%,2.55
carport bois sur mesure en kit,3,662,0.45%,27.55
carport bois adossé sur mesure,3,615,0.49%,11.71
pergola voiture bois,3,593,0.51%,13.06
charpente auvent,3,528,0.57%,4.93
charpentier aix en provence,3,439,0.68%,5.06
auvent en tuile,3,422,0.71%,7.73
auvent en bois et tuiles,3,343,0.87%,6.57
charpente pergola,3,342,0.88%,6.29
pergola bois sur mesure en kit,3,329,0.91%,18.75
pool house toulouse,3,265,1.13%,12.52
pergola bois en kit sur mesure,3,253,1.19%,24.48
kiosque jacuzzi,3,236,1.27%,5.36
un auvent en bois,3,233,1.29%,9.15
carport traditionnel,3,217,1.38%,6.06
pergola avec persienne,3,209,1.44%,10.22
appenti voiture bois,3,207,1.45%,6.47
abri charpente bois,3,205,1.46%,9.49
auvent maison bois,3,195,1.54%,11.86
cuisine extérieure avec abri,3,192,1.56%,1.65
charpente abri voiture,3,184,1.63%,2.29
appenti terrasse bois,3,147,2.04%,1.71
cuisine ete fermee,3,123,2.44%,1.64
abri de jardin,3,104,2.88%,9.37
carport bois charpente traditionnelle,3,99,3.03%,15.69
auvent sur mesure prix,3,85,3.53%,18.25
auvent tuile et bois,3,56,5.36%,9.39
deco charpente mions,3,23,13.04%,1.22
"déco charpente drôme ardèche (carport, pergola, pool house, appentis, 
auvent)",3,9,33.33%,1
appenti,2,3047,0.07%,20.8
carport la rochelle,2,1603,0.12%,13.86
abris bois voiture,2,841,0.24%,12.28
charpente appenti,2,772,0.26%,10.26
carport bois 1 voiture,2,673,0.3%,18.41
fabricant pergolas bois,2,610,0.33%,7.78
pergola figeac,2,551,0.36%,10.21
charpente bois appenti,2,542,0.37%,7.49
charpente abris bois,2,519,0.39%,9.57
préau bois 1 pente,2,490,0.41%,21.55
porche d'entrée,2,453,0.44%,18.14
porche bois,2,428,0.47%,4.62
abri cuisine exterieur,2,422,0.47%,15.95
carport lyon,2,413,0.48%,21.58
carport perpignan,2,409,0.49%,11.09
abri voitures,2,407,0.49%,14.14
carport montpellier,2,353,0.57%,12.8
carport sur terrain en pente,2,336,0.6%,5.19
carport terrain en pente,2,317,0.63%,1.98
abris cuisine d'été en kit,2,293,0.68%,5.19
carport bois tarbes,2,281,0.71%,1.59
appentis fermé,2,260,0.77%,12.26
cuisine exterieure bois,2,260,0.77%,68.72
appenti maison,2,259,0.77%,30.22
auvant bois,2,233,0.86%,8.89
charpente abri,2,231,0.87%,10.18
parefeuille terre cuite toiture,2,230,0.87%,2.98
abris de cuisine exterieur,2,226,0.88%,6.11
charpente adossée mur,2,209,0.96%,10.29
pergola octogonale bois,2,204,0.98%,7.28
pergola bois lyon,2,180,1.11%,6.32
pergola colomiers,2,175,1.14%,22.41
porche d'entrée en bois,2,170,1.18%,15.02
abri bois pour cuisine exterieure,2,168,1.19%,1.17
appenti de jardin,2,157,1.27%,35.5
auvent bois voiture,2,152,1.32%,9.88
abri pour cuisine exterieur,2,146,1.37%,3.01
abris charpente bois,2,142,1.41%,9.69
pergola vaucluse,2,134,1.49%,5.6
carport figeac,2,127,1.57%,2.87
coin piscine,2,125,1.6%,29.38
carport bois haut de gamme,2,119,1.68%,21.29
auvent tuiles,2,101,1.98%,7.67
plan auvent terrasse bois et tuiles,2,100,2%,6.42
cuisine exterieur fermer,2,98,2.04%,1.12
abri voiture en dur,2,95,2.11%,7.14
préau bois 2 pentes,2,92,2.17%,14.27
auvent adossé mur,2,91,2.2%,11.04
abri voiture en bois ouvert,2,91,2.2%,11.8
carport montauban,2,89,2.25%,12.84
amenager un porche d'entrée,2,86,2.33%,13.14
abri pour cuisine exterieure,2,84,2.38%,2.2
décoration porche d'entrée,2,83,2.41%,12.01
auvent pour cuisine exterieure,2,77,2.6%,1.25
pergola autour de moi,2,59,3.39%,3.64
photos de charpente,2,56,3.57%,12.05
porche d'entree,2,52,3.85%,19.31
photo carport adossé,2,48,4.17%,13.75
porche d'entrée moderne,2,47,4.26%,9.91
appenti adossée mur,2,44,4.55%,11.02
outdoor kitchen closed,2,41,4.88%,1
installateur abris de jardin,2,37,5.41%,46.78
abri de jardin autour de moi,2,31,6.45%,3.32
creer un porche d'entrée,2,29,6.9%,14.21
fabricant abri de jardin,2,26,7.69%,6.19
idee porche d'entree,2,26,7.69%,11.88
plan kiosque en bois rectangulaire,2,22,9.09%,22.95
demi ferme sur poteaux,2,21,9.52%,12.14
pergola monopente,2,20,10%,64.9
abri tunnel camping car,2,14,14.29%,18.43
deco automne 2024 exterieur,2,9,22.22%,8.44
entreprise charpente bois,2,8,25%,8.62
entreprise charpente montpellier,2,8,25%,32.5
richard gagliardi,2,7,28.57%,3.86
entreprise mazan,2,6,33.33%,10.17
charpente entreprise,2,5,40%,2.4
louver pergola,2,2,100%,63.5
carport voiture,1,6287,0.02%,52.42
pool house bois,1,2938,0.03%,44.33
fabricant carport bois,1,2120,0.05%,48.78
kiosque en bois,1,1977,0.05%,46.91
carport bordeaux,1,1572,0.06%,20.91
abri bois,1,1536,0.07%,12.99
abri voiture toulouse,1,1178,0.08%,8.47
abri voiture carcassonne,1,1142,0.09%,2.98
pool house en bois,1,1079,0.09%,43.09
pool house 2 pans,1,833,0.12%,5.05
abri bois pour voiture,1,793,0.13%,14.02
charpente sur mesure,1,750,0.13%,41.83
pergola antibes,1,695,0.14%,23.42
abris bois,1,628,0.16%,12.4
abris camping car,1,622,0.16%,58.4
kiosque bois,1,602,0.17%,44.14
carport gironde,1,589,0.17%,32
garage abri voiture,1,585,0.17%,27.25
carport bois 2 pentes,1,582,0.17%,41.78
pergola valence,1,574,0.17%,33.85
appenti pour voiture,1,570,0.18%,10.39
carports en bois,1,561,0.18%,44.53
charpente abri bois 1 pente,1,534,0.19%,21.68
pergola lyon,1,502,0.2%,73.22
fabricant pool house,1,492,0.2%,69.86
pergola bois contemporaine,1,491,0.2%,11.19
appentis bois en kit,1,473,0.21%,24.6
car port en bois,1,456,0.22%,21.85
un appenti en bois,1,445,0.22%,12.78
fabricant carport,1,438,0.23%,66.1
constructeur carport bois,1,432,0.23%,40.95
photo carport bois,1,430,0.23%,10.04
carport agen,1,427,0.23%,4.01
pergola bois bordeaux,1,423,0.24%,10.55
pergola persienne bois,1,415,0.24%,9.74
abris voiture 1 pente,1,415,0.24%,22.22
auvent charpente bois,1,413,0.24%,6.99
cuisine extérieure fermée,1,406,0.25%,2.72
abris voiture bordeaux,1,398,0.25%,6.52
pergola alpes maritimes,1,385,0.26%,40.37
carport sur mesure en ligne,1,383,0.26%,19.62
fabricant de carport,1,379,0.26%,75.7
fabricant de carport bois,1,368,0.27%,43.85
pergola var,1,355,0.28%,71.59
abri voiture adossé maison,1,335,0.3%,75.64
pose carport bois gironde,1,326,0.31%,9.31
kit pergola bois sur mesure,1,319,0.31%,16.12
installateur carport,1,317,0.32%,61.67
abri voitures bois,1,313,0.32%,17.17
carport toit plat adossé,1,309,0.32%,25.48
fabricant kiosque bois,1,301,0.33%,49.92
appenti garage,1,290,0.34%,22.22
carpot en bois,1,287,0.35%,17.62
auvent voiture bois,1,283,0.35%,11.28
pergolas rhone,1,279,0.36%,55.47
devis pergola en bois,1,267,0.37%,14.84
pool house valence,1,257,0.39%,2.82
carport bois voiture,1,255,0.39%,24.08
pergola bois gironde,1,254,0.39%,10.21
abris voitures bois,1,246,0.41%,17.49
abri auto bois,1,235,0.43%,21.14
carport en bois pour voiture,1,233,0.43%,14.09
abris garage bois,1,232,0.43%,39.83
abris cuisine exterieure,1,223,0.45%,1.17
haut vent bois,1,222,0.45%,12.18
appentis de jardin,1,219,0.46%,28.02
appentis adossé,1,213,0.47%,10.44
pool house lyon,1,213,0.47%,15.84
charpente abri bois,1,212,0.47%,9.95
getup agency,1,206,0.49%,16.2
appenti bois terrasse,1,205,0.49%,5.54
pool house perpignan,1,204,0.49%,4.63
charpente bois carport,1,199,0.5%,11.62
abri cuisine ete,1,196,0.51%,4.86
abri voiture 1 pente,1,196,0.51%,25.33
carport charente maritime,1,194,0.52%,17.85
appentis garage,1,194,0.52%,20.49
pool house bergerac,1,191,0.52%,2.66
poolhouse,1,190,0.53%,8.49
garage abri,1,184,0.54%,44.13
photo carport,1,172,0.58%,11.83
fabriquer un porche d'entrée,1,172,0.58%,14.75
toiture auvent,1,171,0.58%,60.7
pergola aix en provence,1,167,0.6%,46.16
avancée de toit en bois,1,164,0.61%,36.43
abri de cuisine,1,162,0.62%,3.96
pergola bois octogonale,1,162,0.62%,7.07
appenti jardin,1,161,0.62%,13.4
abri cuisine exterieur bois,1,160,0.62%,1.98
pergola cavaillon,1,160,0.62%,42.42
charpente kiosque,1,155,0.65%,5.61
appentis mécanique,1,145,0.69%,2.34
abri voiture bois fermé,1,138,0.72%,13.67
pergola charpente bois,1,135,0.74%,7.41
appenti en bois pour terrasse,1,132,0.76%,8.67
charpentier nimes,1,131,0.76%,7.38
drome charpente,1,125,0.8%,6.29
auvent porte d'entrée bois et tuiles,1,123,0.81%,13.06
charpentier drome,1,114,0.88%,8.02
auvent toiture tuile,1,114,0.88%,9.2
decoration auvent exterieur,1,110,0.91%,9.49
carport pour cuisine extérieure,1,109,0.92%,1.26
pergola bois drôme,1,109,0.92%,1.27
abris de jardin bois,1,103,0.97%,13.62
toiture pool house,1,98,1.02%,13.41
pool house toit 4 pentes,1,97,1.03%,7.61
kiosque cuisine extérieure,1,97,1.03%,8
pergola bois originale,1,96,1.04%,11.97
appenti exterieur,1,95,1.05%,4.69
deco bois,1,93,1.08%,50.69
abri de cuisine exterieur,1,92,1.09%,2.83
carport charpente,1,91,1.1%,7.84
appentis en bois sur terrasse,1,90,1.11%,1.23
maison mania,1,86,1.16%,7.62
cuisine extérieure en bois,1,81,1.23%,5.32
abri de voitures en bois,1,78,1.28%,14.26
photos de carport,1,77,1.3%,13.81
cuisine extérieure abritée,1,76,1.32%,1.38
construction carport,1,76,1.32%,13.71
auvent provencal,1,75,1.33%,10.03
preau en bois adossée,1,73,1.37%,11.95
auvent bois tuile,1,72,1.39%,6.22
wooden carport,1,72,1.39%,8
parefeuille terre cuite sous toiture,1,71,1.41%,4.8
charpente adossée,1,71,1.41%,8.9
carport bois une voiture,1,70,1.43%,17.46
thierry lagache,1,69,1.45%,32.87
salon piscine nice,1,68,1.47%,20.29
carport caravane,1,68,1.47%,80.18
abris cuisine ete,1,67,1.49%,5.9
auvent adossé bois,1,66,1.52%,13.21
pergola,1,65,1.54%,6.94
deco pergola,1,64,1.56%,54.88
appenti bois en kit,1,63,1.59%,27.48
idee abris bois,1,61,1.64%,8.3
kiosque deco,1,59,1.69%,20.27
carport albi,1,55,1.82%,16.44
porche d'entrée maison traditionnelle,1,54,1.85%,7.59
construction auvent,1,54,1.85%,43.59
plan de kiosque en bois gratuit pdf,1,53,1.89%,19
cuisine d'été fermée,1,52,1.92%,24.21
carport bois adossé avec couverture,1,51,1.96%,60.02
pergola bois artisanale,1,50,2%,5.64
artisan pergola bois,1,50,2%,6.34
charpente bois adossée mur,1,50,2%,7.92
charpente abris,1,47,2.13%,8.36
amenagement porche entree,1,44,2.27%,11.25
porche de maison,1,42,2.38%,1.98
appenti charpente traditionnelle,1,42,2.38%,6.45
cuisine exterieur avec abri,1,41,2.44%,1.24
cuisine exterieur abris,1,40,2.5%,2.42
carport hotel,1,39,2.56%,6.95
charpentier valence,1,39,2.56%,45.92
avancer en bois,1,38,2.63%,32.79
cabane pour cuisine exterieure,1,37,2.7%,1.78
entreprise pergola bois,1,37,2.7%,7.19
pro lignum,1,37,2.7%,21.27
un porche de maison,1,32,3.12%,1.81
kiosque charpente,1,32,3.12%,5.94
charpentier isere,1,32,3.12%,10.16
cabanon jardin,1,32,3.12%,12.16
déstockage carport,1,32,3.12%,14.94
persienne pour pergola,1,31,3.23%,35.06
photos carport bois,1,30,3.33%,15.2
achat carport bois,1,30,3.33%,26.63
carport cahors,1,27,3.7%,8
spot charpente,1,27,3.7%,12.11
antibes awnings,1,26,3.85%,7.27
cuisine ete bois,1,26,3.85%,30.42
abri de jardin bois,1,25,4%,10.88
bois vaucluse,1,25,4%,15
auvent monopente bois,1,24,4.17%,18.75
porche d'entrée maison bois,1,24,4.17%,28.58
pool house construction,1,22,4.55%,39.73
wooden awning,1,21,4.76%,42.52
préau en bois pour voiture,1,20,5%,28.4
invitation foire de lyon,1,20,5%,30.6
porche entrée maison extérieur,1,19,5.26%,7.05
garage préfabriqué bois,1,19,5.26%,7.84
abri.voiture,1,19,5.26%,13.26
porche d'entrée fermé,1,19,5.26%,24.58
abri bois adossé maison,1,19,5.26%,39.11
pool houses,1,19,5.26%,65.21
pare feuille toiture,1,18,5.56%,9.33
pergola bois france,1,18,5.56%,11.17
bois et charpente,1,17,5.88%,4.12
"déco charpente drôme ardèche (carport, pergola, pool house, appentis, 
auvent) étoile-sur-rhône",1,16,6.25%,1.06
pergola brive,1,16,6.25%,10
auvents terrasse,1,16,6.25%,74.56
abris pour cuisine exterieur,1,15,6.67%,1.33
charpentier la cote saint andre,1,15,6.67%,1.53
pool house charpente traditionnelle,1,15,6.67%,2.6
carport var,1,15,6.67%,4.87
abris vehicule,1,14,7.14%,7.07
porche de porte,1,14,7.14%,12.57
carport porte a faux,1,14,7.14%,13.86
pergola adossée bois sur mesure,1,13,7.69%,12.77
charpentier montpellier,1,11,9.09%,5.45
carport bois en kit pas cher,1,11,9.09%,12.82
abri voiture charpente bois,1,10,10%,1.3
cuisine exterieur qui se ferme,1,10,10%,2.8
porche porte,1,9,11.11%,14.56
decoration porche maison,1,9,11.11%,16.89
constructeur vaucluse,1,9,11.11%,23.22
constructeur terrasse sur pilotis,1,9,11.11%,45.11
foire de lyon invitation,1,9,11.11%,50.22
charpente cuisine exterieure,1,8,12.5%,1
auvent def,1,8,12.5%,2.12
appenti bois sur mesure,1,8,12.5%,4
abri boiture,1,8,12.5%,12.12
abri de jardin bois sur mesure,1,8,12.5%,18.12
cabane cuisine ete,1,7,14.29%,1
fabricant abris de jardin,1,7,14.29%,4.14
carport voiture pas cher,1,7,14.29%,11.14
auvent structure bois,1,7,14.29%,16.29
deco charpente var,1,6,16.67%,1
wooden lean to,1,6,16.67%,6.33
bois,1,6,16.67%,10.67
decobois,1,5,20%,3
entrée maison extérieur moderne,1,5,20%,3.4
showroom pergola,1,5,20%,5.4
custom pergolas,1,5,20%,20.4
carport 1 pente 2 voitures,1,5,20%,24
appenti de terrasse,1,4,25%,1
cuisine exterieur fermé,1,4,25%,5
porche d'entrée en pierre,1,4,25%,8
carport marseille,1,4,25%,14.5
クロスカット試験,1,4,25%,22.75
cuisine exterieure fermé,1,3,33.33%,1
patio d'entrée,1,3,33.33%,2
une porche d'entrée,1,3,33.33%,2
garage tente voiture,1,3,33.33%,3.67
fabrication charpente bois,1,3,33.33%,5.67
vendeur de pergola,1,3,33.33%,6
porte porche,1,3,33.33%,14.33
abri bois adossée mur,1,3,33.33%,38
pergola bioclimatique ardeche,1,3,33.33%,38
charpente metallique,1,2,50%,1
maison en bois ardeche,1,2,50%,1.5
abri voiture alu,1,2,50%,12.5
grossiste bois menuiserie,1,2,50%,13
marquise,1,2,50%,23
auvent abri de jardin,1,2,50%,31.5
constructeur hangar bois,1,1,100%,1
deck chairs near me,1,1,100%,1
marquise et auvent,1,1,100%,2
constructeur de terrasse,1,1,100%,3
slot5000 l,1,1,100%,6
construction cabanon de jardin,1,1,100%,7
wooden carport designs,1,1,100%,10
abri de jardin en bois,1,1,100%,11
cabanon de jardin bois,1,1,100%,12
cabanon pool house,1,1,100%,16
fabricant pergola aluminium,1,1,100%,23
louvered veranda,1,1,100%,25
louvered roof pergola,1,1,100%,47
louvered roof,1,1,100%,51
outdoor living pergola,1,1,100%,51
louvered pergola,1,1,100%,54
awnings and pergolas,1,1,100%,63
modern pergola,1,1,100%,70
carport sur mesure,0,5740,0%,39.53
pergola narbonne,0,2891,0%,37.76
abri camping car,0,2664,0%,49.65
pergolas narbonne,0,2442,0%,31.33
pergolas bois,0,1907,0%,53.03
carport adossé,0,1893,0%,54.28
pergola nice,0,1693,0%,39.26
abri carport,0,1656,0%,42.58
pergolas en bois,0,1617,0%,43.32
carport royan,0,1453,0%,54.75
kiosque istres,0,1314,0%,7.7
charpente carport toit plat,0,1303,0%,45.91
pool house bois avec bar,0,1297,0%,18.51
abri voiture montpellier,0,1145,0%,4.78
auvents bois,0,1133,0%,13.29
abri voiture narbonne,0,1125,0%,6.08
abri voiture perpignan,0,1110,0%,5.98
abris voitures,0,1083,0%,33.45
pool house sur mesure,0,1078,0%,31.33
abri voiture sur mesure,0,1065,0%,26.32
aménagement extérieur porte d'entrée,0,1064,0%,60.99
devis pergola bois,0,1059,0%,14.48
carport contemporain,0,1029,0%,75.75
entreprise pergola,0,1016,0%,44.09
carport à adosser,0,1011,0%,53.88
entreprise carport,0,1011,0%,55.67
pergola grenoble,0,1000,0%,53.49
poolhouse bois,0,971,0%,65.73
abri voiture carport,0,965,0%,46.88
bois pergola,0,942,0%,50
pergola angoulême,0,920,0%,32.64
devis pergola sur mesure,0,916,0%,51.75
abris de voiture saint-gaudens,0,905,0%,9.17
abri garage,0,895,0%,52.43
abri voiture exterieur,0,893,0%,63.66
abri pour voiture,0,885,0%,43.13
devis carport,0,881,0%,53.58
pergolas toulouse,0,861,0%,57.1
carports en bois sur mesure,0,858,0%,37.86
pergola tarbes,0,858,0%,38.04
carports bois,0,832,0%,41.6
pergola isère,0,830,0%,39.91
abri de camping car,0,829,0%,52.41
abri pour terrasse restaurant,0,828,0%,49.02
pergola toulouse,0,828,0%,53.06
auvent sur mesure,0,813,0%,46.85
charpente bois garage,0,812,0%,41.27
pergola devis,0,806,0%,66.25
fabrication carport sur mesure,0,791,0%,50.09
carport camping car bordeaux,0,780,0%,5.65
pergola bordeaux,0,776,0%,52.28
carport mérignac,0,775,0%,56.77
carport bois avec atelier,0,773,0%,27.88
abri camping car bois,0,763,0%,38.92
abri camping,0,745,0%,81.81
carport tarbes,0,744,0%,12.22
décoration de voiture nice,0,740,0%,41.14
décoration de voiture toulouse,0,723,0%,37.53
awnings vaucluse,0,722,0%,67.42
franchise déco charpente,0,714,0%,5.05
fabricant abri voiture,0,706,0%,25.78
constructeur carport,0,705,0%,41.11
kiosque sur mesure,0,704,0%,53.21
kiosque de vente en bois,0,701,0%,56.37
devis pergola isère,0,685,0%,19.6
pergola sur mesure bordeaux,0,682,0%,25.07
garage bois 2 pentes,0,682,0%,65.99
pergola bois en kit,0,675,0%,50.24
devis pergola,0,675,0%,52.6
décoration de voiture lyon,0,672,0%,57.71
devis pergola grenoble,0,670,0%,33.08
carport abri voiture,0,670,0%,46.93
carport boic,0,669,0%,43.3
objets décoratifs en bois drôme,0,656,0%,75.1
abri sur mesure,0,653,0%,66.86
tendances extérieures en 2025,0,649,0%,37.45
pergolas nice,0,649,0%,51.55
appentis en bois,0,648,0%,13.98
charpente bois muret,0,644,0%,51.18
extension abri de jardin en bois,0,634,0%,28.44
décoration de voiture marseille,0,629,0%,67.41
fabricant de pergola sur mesure,0,624,0%,49.25
abri voiture bois 2 pentes,0,622,0%,39.46
pose pergola grenoble,0,621,0%,62.75
abris de voitures,0,620,0%,33.03
pose pergola isère,0,617,0%,53.96
pergola angouleme,0,616,0%,33.61
pergola toulon,0,615,0%,70.84
pergola bois couverte,0,614,0%,34.5
pool house bois toit plat,0,611,0%,47.84
pergola sur mesure montpellier,0,610,0%,88.23
devis pergolas,0,606,0%,62.3
un appentis,0,591,0%,12.56
vente bois gard,0,589,0%,74.71
carport bois camping car,0,587,0%,54.24
preau en bois,0,584,0%,46.16
habiller un carport,0,579,0%,20.22
pergola voiture,0,577,0%,48.22
abri cuisine,0,573,0%,18.97
pose terrasse bois toulon,0,571,0%,85.27
petit pool house bois,0,567,0%,45.75
abris jardin,0,566,0%,14.17
4 idées pour réussir l'aménagement de son coin piscine,0,561,0%,27.88
charpente auch,0,560,0%,87.12
pergola sur mesure,0,557,0%,69.99
abri de garage,0,554,0%,46.19
porche d'entrée bois,0,553,0%,28.44
carport toit plat,0,552,0%,40.94
apenti,0,549,0%,16.86
abris voiture fermé,0,548,0%,53.82
pergola bois design,0,545,0%,37.12
carport voiture bordeaux,0,544,0%,13.36
pergola abri voiture,0,540,0%,38.39
bois du gard,0,538,0%,51.15
abri voiture fermé,0,537,0%,51.66
cartport en bois,0,531,0%,58.11
pergola frejus,0,527,0%,38.77
carport sur mesure en kit,0,527,0%,50.6
entreprise pose carport,0,527,0%,61.94
pergola rochefort,0,526,0%,13.9
pergola bioclimatique saint priest,0,526,0%,64.4
pose de pergolas sur mesure à graulhet,0,523,0%,6.07
charpentier 06,0,516,0%,71.45
garage avec auvent,0,512,0%,40.99
pergola bois terrasse,0,511,0%,64.03
abri voiture hiver,0,509,0%,85.74
plan charpente kiosque 4 pans,0,507,0%,31.06
pergola definition francais,0,506,0%,5.57
pergola sur mesure nice,0,505,0%,24.58
vente et pose de pergolas à graulhet,0,501,0%,6.07
pergola montelimar,0,499,0%,27.12
pool house en bois design,0,495,0%,57.61
décoration de voiture bordeaux,0,491,0%,90.61
pergola cannes,0,486,0%,77.83
abri voiture adossé,0,485,0%,75.33
artisan pergola,0,483,0%,60.46
garage bois adossé,0,483,0%,78.39
car port bois,0,479,0%,38.81
pergola 06,0,476,0%,60.18
carport bagnols-en-forêt,0,468,0%,43.84
carport camping car bois,0,467,0%,66.06
constructeur pergola bois,0,466,0%,10.91
abris garage,0,466,0%,47.39
carport 2 voitures bordeaux,0,465,0%,18.13
persienne pergola,0,464,0%,29.17
abri polyvalents,0,463,0%,13.51
pergolas sur mesure,0,460,0%,78.69
bois pour carport,0,459,0%,26.76
devis pergola figeac,0,458,0%,9.16
plan abri voiture gratuit,0,458,0%,29.09
fabrication pergola bois,0,458,0%,38.38
carport bois caravane,0,453,0%,83.59
abri à voiture,0,452,0%,37.21
carport bois 2 voitures gironde,0,450,0%,10.67
appentis voiture,0,449,0%,9.02
plan appenti bois une pente,0,447,0%,45.64
plan pergola bois moderne,0,446,0%,44.89
abris voiture professionnel,0,445,0%,18.34
carport adossé avec tuiles,0,442,0%,32.75
pool house bois piscine,0,436,0%,75.65
pergola gard,0,434,0%,64.1
abri a voiture,0,430,0%,40.42
charpente bois isere,0,429,0%,22.41
projet pergola bois,0,429,0%,80.69
abris camping car bois,0,424,0%,43.09
pergola sur mesure en kit,0,422,0%,49.02
abri pour terrasse hôtel,0,420,0%,29.39
pergola bioclimatique rochefort,0,418,0%,58.9
auvent adossé,0,414,0%,31.36
carport maison bois,0,413,0%,55.52
amenager un coin piscine,0,406,0%,34.74
pergolas bois moderne gironde,0,405,0%,6.35
charpente 26,0,405,0%,51.89
appenti adossé maison,0,401,0%,29.53
carport 4 voitures,0,401,0%,55.42
pergola bourgoin,0,400,0%,72.24
fabrication pergola nice,0,397,0%,15.23
abri bois 2 voitures,0,397,0%,40.84
abri pour terrasse bar,0,397,0%,79.15
construction abri école,0,396,0%,26.59
couvert à voiture,0,395,0%,71.58
carport grenoble,0,394,0%,4.93
abri piscine montelimar,0,393,0%,71.78
pergola marseille,0,392,0%,75.71
pergola bourgoin jallieu,0,391,0%,66.72
pergola perpignan,0,389,0%,78.31
toit pergola bois,0,387,0%,54.59
abri caravane,0,387,0%,62.01
kiosques en bois,0,386,0%,73.65
charpente valence,0,385,0%,36.34
charpente bois sur mesure,0,384,0%,28.64
pool house en bois contemporain,0,384,0%,82.46
carport narbonne,0,383,0%,13.64
conception pergola nice,0,383,0%,18.04
pergolas antibes,0,383,0%,34.09
charpente garage 2 pans,0,382,0%,41.02
pose carport bordeaux,0,380,0%,24.47
apenti bois,0,378,0%,23.39
carport bois semi fermé,0,378,0%,33.58
carport 2 pentes,0,378,0%,43
carport pvc bordeaux,0,377,0%,19.84
carport avec abris,0,376,0%,68.53
carport camping car mérignac,0,375,0%,14.11
carport doubles mérignac,0,374,0%,22.24
abri maison,0,374,0%,26.95
toiture appenti,0,374,0%,44.02
abrit de voiture,0,373,0%,38.33
devis carport bordeaux,0,371,0%,19.12
devis carport sur mesure,0,371,0%,38.3
devis pergola bordeaux,0,370,0%,58.97
pergola bourgoin-jallieu,0,370,0%,68.18
charpente autoporteuse,0,369,0%,30.41
carport toit plat sur mesure,0,369,0%,69.4
carport moderne mérignac,0,368,0%,62.03
carport autoporté,0,367,0%,61.87
carport doubles bordeaux,0,365,0%,20.13
entreprise de carport,0,364,0%,34.48
devis auvent,0,362,0%,11.05
carport solaire bordeaux,0,362,0%,82.19
carport bois mérignac,0,361,0%,4.05
carport moderne bordeaux,0,361,0%,50.42
rénovation carport bordeaux,0,361,0%,53.26
pool house bois moderne,0,360,0%,48.67
charpente gimont,0,358,0%,60.31
carport pvc mérignac,0,356,0%,41.71
charpente condom,0,356,0%,68.97
préau crèche,0,355,0%,29.01
carport bois camping car gironde,0,354,0%,1.64
création pergola bois toulouse,0,354,0%,2.12
abri école,0,354,0%,21.92
appentie,0,353,0%,33.05
auvent terrasse bois kit,0,352,0%,27.81
extension abri de jardin,0,352,0%,46.12
charpente figeac,0,351,0%,65.93
plan abri 1 pente,0,351,0%,71.36
acheter pergola bois,0,350,0%,80.46
tendances extérieures 2024,0,349,0%,52.41
pergolas lunel,0,348,0%,68.31
pergolas tarbes,0,347,0%,40.69
abris bois gironde,0,346,0%,29.16
un appenti,0,346,0%,32.49
charpentier plaisance-du-touch,0,346,0%,37.97
abri cour d'école,0,346,0%,44.35
pergola bois kit,0,346,0%,45.63
charpente eauze,0,346,0%,58.16
charpentier 83,0,346,0%,92.43
carport devis,0,345,0%,35.46
abri automobile,0,345,0%,48.96
charpente vic-fezensac,0,344,0%,41.14
carport bois adossé gironde,0,343,0%,2.85
pergolas bagnols-en-forêt,0,343,0%,17.35
carport bois en kit,0,343,0%,57.38
photo charpente,0,342,0%,10.26
pergola herault,0,339,0%,50.78
carport aluminium bordeaux,0,339,0%,83.67
prix auvent bois,0,338,0%,24.77
auto et stationnement cornillon,0,338,0%,39
foire de cavaillon,0,338,0%,52.41
garage monopente à vendre,0,338,0%,70.56
véranda sur mesure nimes,0,338,0%,78.11
garage en bois pour voiture,0,337,0%,57.58
abri de camping,0,336,0%,90.29
abri voiture professionnel,0,335,0%,19.87
pergolas bois gironde,0,334,0%,8.92
abri parking voiture,0,334,0%,38.31
garage adossé bois,0,334,0%,69.25
pergola craponne,0,333,0%,58.58
fabricant préau crèche,0,332,0%,12.15
poolhouse montpellier,0,332,0%,14.72
abri voiture semi fermé,0,332,0%,50.27
garage exterieur pour voiture,0,332,0%,57.17
poolhouse en bois contemporain,0,331,0%,87.57
pergolas bourgoin,0,331,0%,90.15
cuisine d'été extérieure fermée,0,330,0%,21.48
plan appenti adossé,0,330,0%,47.75
pergolas sur mesure en kit,0,330,0%,59.91
charpente fleurance,0,330,0%,82.74
abri voiture monopente,0,329,0%,34.09
habillage carport bois,0,328,0%,19.01
abris voiture moderne,0,328,0%,52.02
installation carport bois gironde,0,327,0%,7.4
charpentier bron,0,326,0%,54.63
charpente autoportant,0,324,0%,45.04
charpentier cugnaux,0,324,0%,73.98
installation pergola antibes,0,323,0%,52.98
abri de garage en bois,0,322,0%,36.7
pergola moderne sur mesure,0,322,0%,39.49
abri voiture parking,0,321,0%,26.95
installation pergola bourgoin jallieu,0,321,0%,77.6
abris bois bordeaux,0,320,0%,20.82
carport double pente,0,320,0%,41.01
abris à bois gironde,0,319,0%,37.51
abri de parking voiture,0,319,0%,47.24
prix abri école,0,318,0%,15.95
pergola appentis,0,318,0%,16.31
carport individuel bordeaux,0,318,0%,16.37
auto et stationnement rognes,0,318,0%,33.38
terrasse en bois narbonne,0,318,0%,57.04
carport auch,0,317,0%,11.1
carport adosse,0,317,0%,50.62
abri voiture ferme,0,317,0%,66.29
showroom carport,0,315,0%,43.79
pergola francheville,0,315,0%,50.7
auvents de terrasse rhone,0,314,0%,8
pergola bois massif,0,311,0%,36.43
fabrication préau crèche,0,310,0%,13.45
charpente mirande,0,310,0%,44.23
abri carport voiture,0,310,0%,59.28
toit plat ou traditionnel,0,310,0%,78.44
pergola restaurant sur mesure,0,309,0%,55.15
choisir carport,0,308,0%,67.99
charpente de france,0,307,0%,38.3
carport van,0,306,0%,45.09
construction charpente en bois frejus,0,305,0%,42.38
carport cuisine d'été,0,304,0%,45.15
charpentier tournefeuille,0,304,0%,90.6
fabricant d abri de voiture,0,303,0%,37.2
pergola bois terrasse restaurant,0,302,0%,4.02
pergola artisanale,0,302,0%,31.22
prix abri scolaire,0,302,0%,37.13
pergola ecully,0,302,0%,65.14
charpentier dardilly,0,300,0%,83.43
carport bois massif,0,300,0%,93.69
abris parking,0,298,0%,50.83
abri de voiture frejus,0,296,0%,9.58
charpentier limonest,0,296,0%,33.82
abri pergola voiture,0,296,0%,60.43
appenti adosse,0,295,0%,26.43
prix préau école,0,294,0%,71.22
construction de auvent en bois,0,293,0%,57
charpente lectoure,0,292,0%,49.24
abri pour galerie,0,291,0%,57.8
pergola bois saint gaudens,0,290,0%,33.48
pergola en kit sur mesure,0,290,0%,70.04
pergola sur mesure avignon,0,289,0%,47.32
pergola toit plat sur mesure,0,289,0%,65.71
toiture carport adossé,0,288,0%,42.87
auto et stationnement allauch,0,288,0%,54.24
charpentier charbonnières-les-bains,0,286,0%,33.76
charpentier francheville,0,286,0%,47.33
abri adossé pan droit,0,286,0%,52.19
carport voiture auch,0,285,0%,7.88
carport 2 pentes adossé,0,285,0%,24.89
pergola millery,0,285,0%,36.9
véranda sur-mesure nimes,0,285,0%,81.77
abri pour restaurant,0,284,0%,15.01
poolhouse albi,0,283,0%,10.94
pergola en bois en kit,0,283,0%,51.83
dimension abri 1 voiture,0,283,0%,81.2
cuisine extérieure,0,283,0%,87.24
carport fermé auch,0,282,0%,3.8
charpentier écully,0,281,0%,68.53
charpentier caluire-et-cuire,0,281,0%,78.56
jardin sur mesure royan,0,280,0%,34.47
charpente abris de jardin,0,280,0%,43.41
pergolas bois en kit,0,280,0%,48.01
car port garage bois,0,280,0%,58.06
charpentier tassin-la-demi-lune,0,280,0%,61.12
charpentier sainte-foy-lès-lyon,0,280,0%,67.34
bâche vs carport,0,279,0%,56.68
abri de terrasse pour restaurant,0,279,0%,57.29
auvents en bois,0,278,0%,20.12
porche en bois pour entrée,0,276,0%,23.35
devis gratuit charpente,0,276,0%,50.84
bois de construction saint-raphaël,0,276,0%,94.19
charpentier rillieux-la-pape,0,275,0%,35.07
pergola charly,0,275,0%,47.03
installateur carport bois,0,275,0%,54.32
plan charpente 3 pans,0,275,0%,61.89
garage pour voiture,0,275,0%,62.57
abris pour écoles,0,274,0%,15.06
charpente cabane,0,274,0%,25.53
charpentier 26,0,274,0%,83.96
carport adossé maison,0,273,0%,20.51
carport bois moderne,0,272,0%,40.19
pergola toit plat bois montpellier,0,272,0%,42.16
terrasse pergola bois,0,272,0%,51.93
carport adossé auch,0,271,0%,5.46
carport fermé tarbes,0,271,0%,7.33
pool house bois en kit,0,271,0%,72.03
fabrication carport en bois,0,271,0%,78.67
auto et stationnement gréasque,0,270,0%,31.12
charpentier saint-raphael,0,270,0%,68.75
carport pour voiture tarbes,0,269,0%,9.26
carport individuel mérignac,0,269,0%,24.82
abris bois voiture en kit,0,269,0%,43.67
carport bois auch,0,268,0%,5.05
auvent abri voiture,0,268,0%,44.95
pergola royan,0,268,0%,79.63
charpente cahors,0,268,0%,89.29
carport adossé tarbes,0,267,0%,6.1
abri carport bois,0,267,0%,23.9
carport pour voiture auch,0,266,0%,6.56
pose de pergolas à saint-sulpice-la-pointe,0,266,0%,28.08
constructeur abri en bois,0,266,0%,72.13
pool house bois contemporain,0,266,0%,80.9
véranda sur mesure montpellier,0,266,0%,85.94
carport voiture tarbes,0,265,0%,10.76
carport bois cestas,0,265,0%,26.17
pergola rodez,0,265,0%,30.04
pergolas montauban,0,265,0%,36.59
préau bois en kit,0,265,0%,45.6
site internet pour charpentier,0,265,0%,69.78
carport porte d'entrée,0,264,0%,85.57
appenti bois voiture,0,262,0%,3.82
pergola carport sur mesure,0,262,0%,73.52
fabricant préau école,0,261,0%,61.1
toiture pergola bois,0,260,0%,59.11
décoration 84,0,260,0%,74.04
carport bois perpignan,0,258,0%,18.88
pergola carport bois,0,258,0%,58.39
abris cuisine exterieur,0,257,0%,5.51
pool house provençal,0,257,0%,40.21
faire carport bois,0,257,0%,59.54
quel budget pour un auvent en bois,0,257,0%,63.53
abri bois sur mesure,0,254,0%,34.01
traitement bois plaisance-du-touch,0,254,0%,35.3
carport solaire auch,0,253,0%,17.36
abris de voiture carport,0,253,0%,61.15
abri terrasse restaurant,0,252,0%,32.77
pergola sur mesure albi,0,252,0%,45.97
car port,0,251,0%,22.56
appentis pour voiture,0,250,0%,11.78
pergola montauban,0,250,0%,36.34
abrit camping car,0,250,0%,52.06
abri voiture toit plat,0,250,0%,73.7
extension pool house albi,0,249,0%,24.87
poolhouse sur-mesure,0,249,0%,37.43
abris bois extérieur gironde,0,249,0%,45.44
pergoa bois,0,248,0%,54.54
acheter abri agricole,0,248,0%,87.39
abri terrasse nord isère,0,247,0%,2.37
auvent terrasse,0,247,0%,31.3
carport alu auch,0,247,0%,51.28
prix abri voiture,0,247,0%,55.86
construction d un appenti en bois,0,247,0%,80.96
carport seillans,0,246,0%,56.17
garage ou carport,0,246,0%,57.28
travaux de charpente 83,0,246,0%,70.26
pergola sur mesure istres,0,244,0%,15.55
pergola toit plat bois albi,0,244,0%,17.41
carport aluminium auch,0,244,0%,42.28
construction charpente voiron,0,244,0%,61.39
appenti adossé,0,243,0%,14.8
carport solaire tarbes,0,243,0%,18.7
abri garage voiture,0,243,0%,34.37
pergola bois adossée istres,0,241,0%,3.29
pergola moderne istres,0,241,0%,5.89
carport sur mesure grenoble,0,241,0%,16
abris pergolas nimes,0,241,0%,36.21
pergolas bordeaux,0,241,0%,70.22
piscine bois nice,0,241,0%,80.97
abris pour voiture en bois,0,240,0%,15.01
pose charpente puget-sur-argens,0,240,0%,48.1
carport aluminium tarbes,0,240,0%,49.27
carpot bois,0,239,0%,39
charpente foix,0,239,0%,51.57
abris pour camping car,0,238,0%,73.76
carport alu tarbes,0,237,0%,58.57
pergola pour voiture,0,237,0%,60.47
fabricant abri de jardin rhône alpes,0,236,0%,45.22
pool house toit une pente,0,236,0%,54.79
wooden poolhouse,0,235,0%,43.66
pergola caluire-et-cuire,0,235,0%,63.8
abris sur mesure,0,234,0%,73.32
toit en appentis,0,233,0%,29.21
plan carport adossé toit plat,0,233,0%,38.33
faitière auvent,0,233,0%,58.6
pergola sur mesure la rochelle,0,233,0%,87.83
appentie bois,0,232,0%,20.45
appenti fermé,0,231,0%,15.28
bâche de pergola bourgoin jallieu,0,231,0%,36.58
carport bois 2 voitures monopente,0,231,0%,42
abri terrasse bourgoin,0,230,0%,15.01
carport val d'oise,0,230,0%,41.43
pergola bois arcachon,0,230,0%,52.41
construction pool house bois moderne bordeaux,0,228,0%,3.09
poolhouse istres,0,228,0%,13.29
pergola personnalisable albi,0,227,0%,39.88
installation charpente à cahors,0,227,0%,61.74
pergola pool house,0,227,0%,62.37
pergola persienne,0,226,0%,23.27
installation pergola albi,0,226,0%,68.8
pergolas périgueux,0,226,0%,79.35
abri en bois voiture,0,225,0%,13.29
charpente abri de jardin,0,225,0%,52.64
abri voiture autoportant,0,225,0%,70.87
abris voiture nimes,0,224,0%,6.78
abri véhicule,0,224,0%,47.33
abri camping car en kit,0,224,0%,73.5
plan pergola bois,0,224,0%,80.96
abri piscine en kit nord isère,0,223,0%,15.07
carport fermé bois,0,223,0%,48
création jardin sur mesure royan,0,223,0%,77.31
charpente bois aix en provence,0,222,0%,27.67