{
  "id": "quiz_1701234567890_abc123def",
  "sessionName": "Quiz 25/09/2024 14:30:45",
  "startTime": "2024-09-25T14:30:45.123Z",
  "endTime": "2024-09-25T15:15:22.456Z",
  "teams": [
    {
      "name": "Équipe Alpha",
      "score": 12,
      "color": "bg-blue-500",
      "answers": [
        {
          "questionId": "def1",
          "question": "Que signifie CTR ?",
          "answer": "Click-Through Rate (Taux de clic)",
          "isCorrect": true,
          "points": 1,
          "timestamp": "2024-09-25T14:32:15.789Z"
        },
        {
          "questionId": "calc1",
          "question": "100 000 impressions, 2 000 clics. Quel est le CTR ?",
          "answer": "2%",
          "isCorrect": true,
          "points": 2,
          "timestamp": "2024-09-25T14:38:42.123Z"
        },
        {
          "questionId": "case1",
          "question": "ROAS de 5:1 mais ventes stagnent. Cause probable ?",
          "answer": "Budget trop faible ou marché saturé",
          "isCorrect": true,
          "points": 3,
          "timestamp": "2024-09-25T14:45:18.567Z"
        }
      ]
    },
    {
      "name": "Équipe Beta",
      "score": 8,
      "color": "bg-green-500",
      "answers": [
        {
          "questionId": "def2",
          "question": "Que mesure le ROAS ?",
          "answer": "Return On Ad Spend (Retour sur investissement publicitaire)",
          "isCorrect": true,
          "points": 1,
          "timestamp": "2024-09-25T14:33:28.234Z"
        },
        {
          "questionId": "calc2",
          "question": "CPC de 0,50€, 1000 clics. Budget dépensé ?",
          "answer": "500€",
          "isCorrect": true,
          "points": 2,
          "timestamp": "2024-09-25T14:39:55.678Z"
        }
      ]
    },
    {
      "name": "Équipe Gamma",
      "score": 10,
      "color": "bg-purple-500",
      "answers": [
        {
          "questionId": "def3",
          "question": "CPA signifie ?",
          "answer": "Cost Per Acquisition (Coût par acquisition)",
          "isCorrect": true,
          "points": 1,
          "timestamp": "2024-09-25T14:34:12.345Z"
        },
        {
          "questionId": "calc3",
          "question": "1000€ de pub, 4000€ de CA. Quel ROAS ?",
          "answer": "4:1 ou 400%",
          "isCorrect": true,
          "points": 2,
          "timestamp": "2024-09-25T14:41:33.789Z"
        }
      ]
    },
    {
      "name": "Équipe Delta",
      "score": 6,
      "color": "bg-orange-500",
      "answers": [
        {
          "questionId": "def4",
          "question": "Que veut dire LTV ?",
          "answer": "Lifetime Value (Valeur vie client)",
          "isCorrect": true,
          "points": 1,
          "timestamp": "2024-09-25T14:35:45.123Z"
        }
      ]
    }
  ],
  "currentRound": "final",
  "currentQuestionIndex": 0,
  "status": "completed",
  "totalQuestions": 17,
  "exportedAt": "2024-09-25T15:15:30.000Z",
  "summary": {
    "winner": {
      "name": "Équipe Alpha",
      "score": 12,
      "color": "bg-blue-500"
    },
    "totalQuestionsAnswered": 6,
    "averageScore": 9,
    "sessionDuration": "45 minutes"
  }
}




