Date,Canal,Campagne,Impressions,Clics,Cout_EUR,Conversions,Chiffre_Affaires_EUR,Appareil,Age_Cible,Genre_Cible
2024-01-15,Google Ads,Search Brand,45000,2250,890.50,89,4450.00,Desktop,25-34,Mixte
2024-01-15,Meta Ads,Facebook Prospection,38000,760,1245.30,12,720.00,Mobile,25-34,Femme
2024-01-15,Google Ads,Search Generic,32000,1280,1050.20,67,3350.00,Desktop,35-44,Mixte
2024-01-15,Meta Ads,Instagram Stories,25000,375,987.50,8,480.00,Mobile,18-24,Femme
2024-01-15,Google Ads,Shopping,28000,1120,756.80,78,3900.00,Mobile,25-34,Mixte
2024-01-15,Meta Ads,Facebook Retargeting,15000,450,456.75,18,1080.00,Desktop,35-44,Mixte
2024-01-16,Google Ads,Search Brand,47000,2350,925.75,92,4600.00,Desktop,25-34,Mixte
2024-01-16,Meta Ads,Facebook Prospection,39500,632,1287.35,10,600.00,Mobile,25-34,Femme
2024-01-16,Google Ads,Search Generic,33500,1206,1075.25,64,3200.00,Desktop,35-44,Mixte
2024-01-16,Meta Ads,Instagram Stories,26500,397.5,1060.00,7,420.00,Mobile,18-24,Femme
2024-01-16,Google Ads,Shopping,29000,1160,798.60,81,4050.00,Mobile,25-34,Mixte
2024-01-16,Meta Ads,Facebook Retargeting,16000,512,512.00,20,1200.00,Desktop,35-44,Mixte
2024-01-17,Google Ads,Search Brand,44500,2225,878.75,87,4350.00,Desktop,25-34,Mixte
2024-01-17,Meta Ads,Facebook Prospection,37000,592,1202.50,9,540.00,Mobile,25-34,Femme
2024-01-17,Google Ads,Search Generic,31500,1134,1012.50,61,3050.00,Desktop,35-44,Mixte
2024-01-17,Meta Ads,Instagram Stories,24000,336,936.00,6,360.00,Mobile,18-24,Femme
2024-01-17,Google Ads,Shopping,27500,1100,742.50,76,3800.00,Mobile,25-34,Mixte
2024-01-17,Meta Ads,Facebook Retargeting,14500,435,434.25,17,1020.00,Desktop,35-44,Mixte
2024-01-18,Google Ads,Search Brand,46500,2325,916.25,90,4500.00,Desktop,25-34,Mixte
2024-01-18,Meta Ads,Facebook Prospection,38500,616,1251.25,11,660.00,Mobile,25-34,Femme
2024-01-18,Google Ads,Search Generic,32500,1170,1043.75,63,3150.00,Desktop,35-44,Mixte
2024-01-18,Meta Ads,Instagram Stories,25500,357,994.50,7,420.00,Mobile,18-24,Femme
2024-01-18,Google Ads,Shopping,28500,1140,769.50,79,3950.00,Mobile,25-34,Mixte
2024-01-18,Meta Ads,Facebook Retargeting,15500,465,465.00,19,1140.00,Desktop,35-44,Mixte
2024-01-19,Google Ads,Search Brand,48000,2400,946.00,94,4700.00,Desktop,25-34,Mixte
2024-01-19,Meta Ads,Facebook Prospection,40000,640,1300.00,13,780.00,Mobile,25-34,Femme
2024-01-19,Google Ads,Search Generic,34000,1224,1088.00,66,3300.00,Desktop,35-44,Mixte
2024-01-19,Meta Ads,Instagram Stories,27000,378,1053.00,8,480.00,Mobile,18-24,Femme
2024-01-19,Google Ads,Shopping,29500,1180,796.50,82,4100.00,Mobile,25-34,Mixte
2024-01-19,Meta Ads,Facebook Retargeting,16500,528,528.00,21,1260.00,Desktop,35-44,Mixte
2024-01-20,Google Ads,Search Brand,45500,2275,898.25,89,4450.00,Desktop,25-34,Mixte
2024-01-20,Meta Ads,Facebook Prospection,38000,608,1235.00,10,600.00,Mobile,25-34,Femme
2024-01-20,Google Ads,Search Generic,32000,1152,1024.00,64,3200.00,Desktop,35-44,Mixte
2024-01-20,Meta Ads,Instagram Stories,25000,350,975.00,6,360.00,Mobile,18-24,Femme
2024-01-20,Google Ads,Shopping,28000,1120,756.00,80,4000.00,Mobile,25-34,Mixte
2024-01-20,Meta Ads,Facebook Retargeting,15000,450,450.00,18,1080.00,Desktop,35-44,Mixte
2024-01-21,Google Ads,Search Brand,47500,2375,935.25,92,4600.00,Desktop,25-34,Mixte
2024-01-21,Meta Ads,Facebook Prospection,39000,624,1267.50,12,720.00,Mobile,25-34,Femme
2024-01-21,Google Ads,Search Generic,33000,1188,1056.00,65,3250.00,Desktop,35-44,Mixte
2024-01-21,Meta Ads,Instagram Stories,26000,364,1014.00,7,420.00,Mobile,18-24,Femme
2024-01-21,Google Ads,Shopping,29000,1160,783.00,83,4150.00,Mobile,25-34,Mixte
2024-01-21,Meta Ads,Facebook Retargeting,16000,512,512.00,20,1200.00,Desktop,35-44,Mixte
